<?xml version="1.0" encoding="utf-8"?>
<Weather>
    <weatherdata>
        <id>1</id>
        <city>Berlin</city>
        <tempc>0°C</tempc>
        <tempf>32°F</tempf>
        <condition>Snowing</condition>
        <windspeed>5 kmph</windspeed>
        <icon>snowing</icon>
    </weatherdata>
    <weatherdata>
        <id>2</id>
        <city>Bangalore</city>
        <tempc>23°C</tempc>
        <tempf>73.4°F</tempf>
        <condition>Thunderstorms</condition>
        <windspeed>10 kmph</windspeed>
        <icon>thunder</icon>
    </weatherdata>
    <weatherdata>
        <id>3</id>
        <city>London</city>
        <tempc>5°C</tempc>
        <tempf>41°F</tempf>
        <condition>Rainy</condition>
        <windspeed>2 kmph</windspeed>
        <icon>rainy</icon>
    </weatherdata>
    <weatherdata>
        <id>4</id>
        <city>New York</city>
        <tempc>18°C</tempc>
        <tempf>64.4°F</tempf>
        <condition>Cloudy</condition>
        <windspeed>7 kmph</windspeed>
        <icon>cloudy</icon>
    </weatherdata>
    <weatherdata>
        <id>5</id>
        <city>Sydney</city>
        <tempc>32°C</tempc>
        <tempf>89.6°F</tempf>
        <condition>Sunny</condition>
        <windspeed>10 kmph</windspeed>
        <icon>sunny</icon>
    </weatherdata>
</Weather>

